-- =============================================================
-- Lattice NLC — Demo data insert
-- Paste this into the Supabase SQL Editor and run it.
-- Disables RLS, clears old data, inserts demo records.
-- =============================================================

ALTER TABLE users DISABLE ROW LEVEL SECURITY;
ALTER TABLE businesses DISABLE ROW LEVEL SECURITY;
ALTER TABLE offers DISABLE ROW LEVEL SECURITY;
ALTER TABLE claims DISABLE ROW LEVEL SECURITY;
ALTER TABLE reviews DISABLE ROW LEVEL SECURITY;
ALTER TABLE rankings DISABLE ROW LEVEL SECURITY;
ALTER TABLE saved_businesses DISABLE ROW LEVEL SECURITY;
ALTER TABLE saved_offers DISABLE ROW LEVEL SECURITY;
ALTER TABLE ping_requests DISABLE ROW LEVEL SECURITY;

DELETE FROM saved_offers;
DELETE FROM saved_businesses;
DELETE FROM rankings;
DELETE FROM reviews;
DELETE FROM claims;
DELETE FROM ping_requests;
DELETE FROM offers;
DELETE FROM businesses;
DELETE FROM users;

INSERT INTO users (id, name, email, role, home_location_id, verified, created_at, preferences, onboarded) VALUES
('user_lucas', 'Lucas Chen', 'lucas.chen@demo.lattice.app', 'customer', 'origin_school', true, '2025-09-02T09:00:00Z', '{"preferredCategories":["food","education","entertainment"],"maxDefaultDistanceKm":3,"studentDiscountPreferred":true,"accessibilityNeeds":[],"savedBusinessIds":["biz_freshbowl","biz_inkwell"],"savedOfferIds":["offer_freshbowl_bowl"]}', true),
('user_maya', 'Maya Patel', 'maya.patel@demo.lattice.app', 'customer', 'origin_downtown', true, '2025-09-04T13:30:00Z', '{"preferredCategories":["food","retail","services"],"maxDefaultDistanceKm":5,"studentDiscountPreferred":true,"accessibilityNeeds":["wheelchairAccessible"],"savedBusinessIds":["biz_rosas"],"savedOfferIds":[]}', true),
('user_ethan', 'Ethan Wong', 'ethan.wong@demo.lattice.app', 'customer', 'origin_school', true, '2025-09-06T17:45:00Z', '{"preferredCategories":["fitness","repair","food"],"maxDefaultDistanceKm":10,"studentDiscountPreferred":false,"accessibilityNeeds":[],"savedBusinessIds":[],"savedOfferIds":[]}', true),
('owner_sam', 'Sam Rivera', 'sam.rivera@demo.lattice.app', 'businessOwner', 'origin_downtown', true, '2025-08-20T10:00:00Z', '{"preferredCategories":[],"maxDefaultDistanceKm":5,"studentDiscountPreferred":false,"accessibilityNeeds":[],"savedBusinessIds":[],"savedOfferIds":[]}', true),
('owner_nina', 'Nina Brooks', 'nina.brooks@demo.lattice.app', 'businessOwner', 'origin_downtown', true, '2025-08-22T11:15:00Z', '{"preferredCategories":[],"maxDefaultDistanceKm":5,"studentDiscountPreferred":false,"accessibilityNeeds":[],"savedBusinessIds":[],"savedOfferIds":[]}', true),
('admin_demo', 'Demo Admin', 'admin@demo.lattice.app', 'admin', 'origin_downtown', true, '2025-08-01T08:00:00Z', '{"preferredCategories":[],"maxDefaultDistanceKm":10,"studentDiscountPreferred":false,"accessibilityNeeds":[],"savedBusinessIds":[],"savedOfferIds":[]}', true);

INSERT INTO businesses (id, name, category, description, address, location, hours, rating_average, review_count, verified, price_level, tags, accessibility_features, owner_user_id, created_at) VALUES
('biz_freshbowl', 'Market Bowl Co.', 'food', 'Build-your-own grain bowls near Market Square.', '118 Produce Row, San Antonio, TX', '{"lat":29.4251,"lng":-98.5006}', '[{"dayOfWeek":0,"openTime":"08:00","closeTime":"20:00"},{"dayOfWeek":1,"openTime":"08:00","closeTime":"20:00"},{"dayOfWeek":2,"openTime":"08:00","closeTime":"20:00"},{"dayOfWeek":3,"openTime":"08:00","closeTime":"20:00"},{"dayOfWeek":4,"openTime":"08:00","closeTime":"20:00"},{"dayOfWeek":5,"openTime":"08:00","closeTime":"20:00"},{"dayOfWeek":6,"openTime":"08:00","closeTime":"20:00"}]', 4.7, 42, true, 1, '{healthy,student-friendly,vegetarian,fast}', '{wheelchairAccessible,quiet}', 'owner_sam', '2025-08-25T12:00:00Z'),
('biz_rosas', 'Rosa''s Cantina', 'food', 'Fresh tacos, loaded burritos for downtown lunch runs.', '204 E Commerce St, San Antonio, TX', '{"lat":29.4247,"lng":-98.4916}', '[{"dayOfWeek":0,"openTime":"11:00","closeTime":"22:00"},{"dayOfWeek":1,"openTime":"11:00","closeTime":"22:00"},{"dayOfWeek":2,"openTime":"11:00","closeTime":"22:00"},{"dayOfWeek":3,"openTime":"11:00","closeTime":"22:00"},{"dayOfWeek":4,"openTime":"11:00","closeTime":"22:00"},{"dayOfWeek":5,"openTime":"11:00","closeTime":"22:00"},{"dayOfWeek":6,"openTime":"11:00","closeTime":"22:00"}]', 4.6, 58, true, 1, '{tacos,group-friendly,vegetarian}', '{wheelchairAccessible}', 'owner_nina', '2025-08-25T12:00:00Z'),
('biz_harbourroast', 'River Roast Coffee', 'food', 'Slow-bar coffee and quiet booths near the River Walk.', '75 Losoya St, San Antonio, TX', '{"lat":29.4249,"lng":-98.4897}', '[{"dayOfWeek":0,"openTime":"07:00","closeTime":"19:00"},{"dayOfWeek":1,"openTime":"07:00","closeTime":"19:00"},{"dayOfWeek":2,"openTime":"07:00","closeTime":"19:00"},{"dayOfWeek":3,"openTime":"07:00","closeTime":"19:00"},{"dayOfWeek":4,"openTime":"07:00","closeTime":"19:00"},{"dayOfWeek":5,"openTime":"07:00","closeTime":"19:00"},{"dayOfWeek":6,"openTime":"07:00","closeTime":"19:00"}]', 4.5, 37, true, 1, '{coffee,quiet,student-friendly,wifi}', '{wheelchairAccessible,quiet}', 'owner_sam', '2025-08-25T12:00:00Z'),
('biz_sugarpine', 'Pearl Sugar Bakery', 'food', 'Small-batch pastries near the Pearl.', '312 Pearl Pkwy, San Antonio, TX', '{"lat":29.4429,"lng":-98.4806}', '[{"dayOfWeek":0,"openTime":"08:00","closeTime":"18:00"},{"dayOfWeek":1,"openTime":"08:00","closeTime":"18:00"},{"dayOfWeek":2,"openTime":"08:00","closeTime":"18:00"},{"dayOfWeek":3,"openTime":"08:00","closeTime":"18:00"},{"dayOfWeek":4,"openTime":"08:00","closeTime":"18:00"},{"dayOfWeek":5,"openTime":"08:00","closeTime":"18:00"},{"dayOfWeek":6,"openTime":"08:00","closeTime":"18:00"}]', 4.8, 64, true, 2, '{dessert,bakery}', '{wheelchairAccessible}', 'owner_nina', '2025-08-25T12:00:00Z'),
('biz_maplenoodle', 'Southtown Noodle Bar', 'food', 'Hand-pulled noodles and shareable plates.', '490 S Alamo St, San Antonio, TX', '{"lat":29.4147,"lng":-98.4913}', '[{"dayOfWeek":0,"openTime":"12:00","closeTime":"22:00"},{"dayOfWeek":1,"openTime":"12:00","closeTime":"22:00"},{"dayOfWeek":2,"openTime":"12:00","closeTime":"22:00"},{"dayOfWeek":3,"openTime":"12:00","closeTime":"22:00"},{"dayOfWeek":4,"openTime":"12:00","closeTime":"22:00"},{"dayOfWeek":5,"openTime":"12:00","closeTime":"22:00"},{"dayOfWeek":6,"openTime":"12:00","closeTime":"22:00"}]', 4.3, 29, false, 2, '{dinner,group-friendly}', '{}', 'owner_sam', '2025-08-25T12:00:00Z'),
('biz_inkwell', 'Alamo City Books', 'retail', 'Independent bookshop with Texas history picks.', '150 E Houston St, San Antonio, TX', '{"lat":29.4266,"lng":-98.4914}', '[{"dayOfWeek":0,"openTime":"10:00","closeTime":"20:00"},{"dayOfWeek":1,"openTime":"10:00","closeTime":"20:00"},{"dayOfWeek":2,"openTime":"10:00","closeTime":"20:00"},{"dayOfWeek":3,"openTime":"10:00","closeTime":"20:00"},{"dayOfWeek":4,"openTime":"10:00","closeTime":"20:00"},{"dayOfWeek":5,"openTime":"10:00","closeTime":"20:00"},{"dayOfWeek":6,"openTime":"10:00","closeTime":"20:00"}]', 4.9, 51, true, 2, '{books,gifts,quiet}', '{wheelchairAccessible,quiet}', 'owner_nina', '2025-08-25T12:00:00Z'),
('biz_threadtonic', 'Blue Star Vintage', 'retail', 'Curated thrift and vintage streetwear in Southtown.', '88 Blue Star, San Antonio, TX', '{"lat":29.4075,"lng":-98.4962}', '[{"dayOfWeek":1,"openTime":"11:00","closeTime":"19:00"},{"dayOfWeek":2,"openTime":"11:00","closeTime":"19:00"},{"dayOfWeek":3,"openTime":"11:00","closeTime":"19:00"},{"dayOfWeek":4,"openTime":"11:00","closeTime":"19:00"},{"dayOfWeek":5,"openTime":"11:00","closeTime":"19:00"},{"dayOfWeek":6,"openTime":"11:00","closeTime":"19:00"}]', 4.4, 33, false, 1, '{thrift,clothing,sustainable}', '{}', 'owner_sam', '2025-08-25T12:00:00Z'),
('biz_giftnook', 'Maverick Gift Studio', 'retail', 'Local-made gifts and stationery.', '266 Broadway, San Antonio, TX', '{"lat":29.4286,"lng":-98.4884}', '[{"dayOfWeek":0,"openTime":"10:00","closeTime":"18:00"},{"dayOfWeek":1,"openTime":"10:00","closeTime":"18:00"},{"dayOfWeek":2,"openTime":"10:00","closeTime":"18:00"},{"dayOfWeek":3,"openTime":"10:00","closeTime":"18:00"},{"dayOfWeek":4,"openTime":"10:00","closeTime":"18:00"},{"dayOfWeek":5,"openTime":"10:00","closeTime":"18:00"},{"dayOfWeek":6,"openTime":"10:00","closeTime":"18:00"}]', 4.5, 22, true, 2, '{gifts,stationery}', '{wheelchairAccessible}', 'owner_nina', '2025-08-25T12:00:00Z'),
('biz_sharpfade', 'Houston Street Barbers', 'services', 'Skin fades with student rates after 3 PM.', '401 E Houston St, San Antonio, TX', '{"lat":29.4267,"lng":-98.4888}', '[{"dayOfWeek":1,"openTime":"09:00","closeTime":"19:00"},{"dayOfWeek":2,"openTime":"09:00","closeTime":"19:00"},{"dayOfWeek":3,"openTime":"09:00","closeTime":"19:00"},{"dayOfWeek":4,"openTime":"09:00","closeTime":"19:00"},{"dayOfWeek":5,"openTime":"09:00","closeTime":"19:00"},{"dayOfWeek":6,"openTime":"09:00","closeTime":"19:00"}]', 4.6, 47, true, 2, '{haircut,student-friendly,fast}', '{wheelchairAccessible}', 'owner_sam', '2025-08-25T12:00:00Z'),
('biz_glowroom', 'Glow Room Southtown', 'services', 'Color, styling and nail services.', '55 S Flores St, San Antonio, TX', '{"lat":29.4221,"lng":-98.4961}', '[{"dayOfWeek":2,"openTime":"10:00","closeTime":"20:00"},{"dayOfWeek":3,"openTime":"10:00","closeTime":"20:00"},{"dayOfWeek":4,"openTime":"10:00","closeTime":"20:00"},{"dayOfWeek":5,"openTime":"10:00","closeTime":"20:00"},{"dayOfWeek":6,"openTime":"10:00","closeTime":"20:00"}]', 4.2, 28, false, 3, '{salon,quiet}', '{wheelchairAccessible,quiet}', 'owner_nina', '2025-08-25T12:00:00Z'),
('biz_printpoint', 'Civic PrintPoint', 'services', 'Same-day printing for students and teams.', '12 Dolorosa, San Antonio, TX', '{"lat":29.424,"lng":-98.4956}', '[{"dayOfWeek":1,"openTime":"08:00","closeTime":"18:00"},{"dayOfWeek":2,"openTime":"08:00","closeTime":"18:00"},{"dayOfWeek":3,"openTime":"08:00","closeTime":"18:00"},{"dayOfWeek":4,"openTime":"08:00","closeTime":"18:00"},{"dayOfWeek":5,"openTime":"08:00","closeTime":"18:00"}]', 4.1, 19, true, 1, '{printing,fast,student-friendly}', '{wheelchairAccessible}', 'owner_sam', '2025-08-25T12:00:00Z'),
('biz_brightminds', 'River City Tutoring', 'services', '1:1 tutoring across math and sciences.', '330 W Nueva St, San Antonio, TX', '{"lat":29.4209,"lng":-98.4979}', '[{"dayOfWeek":1,"openTime":"14:00","closeTime":"21:00"},{"dayOfWeek":2,"openTime":"14:00","closeTime":"21:00"},{"dayOfWeek":3,"openTime":"14:00","closeTime":"21:00"},{"dayOfWeek":4,"openTime":"14:00","closeTime":"21:00"},{"dayOfWeek":5,"openTime":"14:00","closeTime":"21:00"}]', 4.8, 35, true, 2, '{tutoring,student-friendly,quiet}', '{wheelchairAccessible,quiet}', 'owner_nina', '2025-08-25T12:00:00Z'),
('biz_pulse', 'Hemisfair Athletic Club', 'fitness', 'Full gym with drop-in classes near Hemisfair Park.', '720 E Cesar E. Chavez Blvd, San Antonio, TX', '{"lat":29.4182,"lng":-98.4859}', '[{"dayOfWeek":0,"openTime":"06:00","closeTime":"23:00"},{"dayOfWeek":1,"openTime":"06:00","closeTime":"23:00"},{"dayOfWeek":2,"openTime":"06:00","closeTime":"23:00"},{"dayOfWeek":3,"openTime":"06:00","closeTime":"23:00"},{"dayOfWeek":4,"openTime":"06:00","closeTime":"23:00"},{"dayOfWeek":5,"openTime":"06:00","closeTime":"23:00"},{"dayOfWeek":6,"openTime":"06:00","closeTime":"23:00"}]', 4.3, 41, true, 2, '{gym,classes,group-friendly}', '{wheelchairAccessible}', 'owner_sam', '2025-08-25T12:00:00Z'),
('biz_summit', 'Mission Climbing', 'fitness', 'Indoor bouldering with student passes.', '1011 S Flores St, San Antonio, TX', '{"lat":29.4078,"lng":-98.5011}', '[{"dayOfWeek":0,"openTime":"10:00","closeTime":"22:00"},{"dayOfWeek":1,"openTime":"10:00","closeTime":"22:00"},{"dayOfWeek":2,"openTime":"10:00","closeTime":"22:00"},{"dayOfWeek":3,"openTime":"10:00","closeTime":"22:00"},{"dayOfWeek":4,"openTime":"10:00","closeTime":"22:00"},{"dayOfWeek":5,"openTime":"10:00","closeTime":"22:00"},{"dayOfWeek":6,"openTime":"10:00","closeTime":"22:00"}]', 4.7, 38, true, 2, '{climbing,group-friendly,student-friendly}', '{}', 'owner_nina', '2025-08-25T12:00:00Z'),
('biz_scholarspace', 'ScholarSpace River Lounge', 'education', 'Quiet study desks and group rooms downtown.', '60 Soledad St, San Antonio, TX', '{"lat":29.4262,"lng":-98.4938}', '[{"dayOfWeek":0,"openTime":"09:00","closeTime":"23:00"},{"dayOfWeek":1,"openTime":"09:00","closeTime":"23:00"},{"dayOfWeek":2,"openTime":"09:00","closeTime":"23:00"},{"dayOfWeek":3,"openTime":"09:00","closeTime":"23:00"},{"dayOfWeek":4,"openTime":"09:00","closeTime":"23:00"},{"dayOfWeek":5,"openTime":"09:00","closeTime":"23:00"},{"dayOfWeek":6,"openTime":"09:00","closeTime":"23:00"}]', 4.6, 26, true, 1, '{study,quiet,wifi,student-friendly}', '{wheelchairAccessible,quiet}', 'owner_nina', '2025-08-25T12:00:00Z'),
('biz_examedge', 'Alamo Exam Prep', 'education', 'SAT/ACT prep workshops near campus.', '210 Buena Vista St, San Antonio, TX', '{"lat":29.423,"lng":-98.5013}', '[{"dayOfWeek":1,"openTime":"15:00","closeTime":"20:00"},{"dayOfWeek":2,"openTime":"15:00","closeTime":"20:00"},{"dayOfWeek":3,"openTime":"15:00","closeTime":"20:00"},{"dayOfWeek":4,"openTime":"15:00","closeTime":"20:00"},{"dayOfWeek":5,"openTime":"15:00","closeTime":"20:00"},{"dayOfWeek":6,"openTime":"15:00","closeTime":"20:00"}]', 4.4, 17, false, 3, '{test-prep,student-friendly}', '{wheelchairAccessible}', 'owner_sam', '2025-08-25T12:00:00Z'),
('biz_fixly', 'Fixly Rivercenter Repair', 'repair', 'Phone and laptop repairs with same-day service.', '145 E Commerce St, San Antonio, TX', '{"lat":29.4248,"lng":-98.4901}', '[{"dayOfWeek":1,"openTime":"10:00","closeTime":"19:00"},{"dayOfWeek":2,"openTime":"10:00","closeTime":"19:00"},{"dayOfWeek":3,"openTime":"10:00","closeTime":"19:00"},{"dayOfWeek":4,"openTime":"10:00","closeTime":"19:00"},{"dayOfWeek":5,"openTime":"10:00","closeTime":"19:00"},{"dayOfWeek":6,"openTime":"10:00","closeTime":"19:00"}]', 4.5, 44, true, 2, '{phone-repair,laptop-repair,fast}', '{wheelchairAccessible}', 'owner_sam', '2025-08-25T12:00:00Z'),
('biz_cyclewerks', 'Mission CycleWerks', 'repair', 'Bike tune-ups and flat fixes for downtown riders.', '508 S Alamo St, San Antonio, TX', '{"lat":29.4145,"lng":-98.4917}', '[{"dayOfWeek":2,"openTime":"09:00","closeTime":"18:00"},{"dayOfWeek":3,"openTime":"09:00","closeTime":"18:00"},{"dayOfWeek":4,"openTime":"09:00","closeTime":"18:00"},{"dayOfWeek":5,"openTime":"09:00","closeTime":"18:00"},{"dayOfWeek":6,"openTime":"09:00","closeTime":"18:00"}]', 4.6, 23, false, 2, '{bike-repair,fast}', '{wheelchairAccessible}', 'owner_nina', '2025-08-25T12:00:00Z'),
('biz_escapelab', 'Alamo EscapeLab', 'entertainment', 'Story-driven escape rooms near the Alamo.', '95 Alamo Plaza, San Antonio, TX', '{"lat":29.4258,"lng":-98.4863}', '[{"dayOfWeek":0,"openTime":"12:00","closeTime":"23:00"},{"dayOfWeek":1,"openTime":"12:00","closeTime":"23:00"},{"dayOfWeek":2,"openTime":"12:00","closeTime":"23:00"},{"dayOfWeek":3,"openTime":"12:00","closeTime":"23:00"},{"dayOfWeek":4,"openTime":"12:00","closeTime":"23:00"},{"dayOfWeek":5,"openTime":"12:00","closeTime":"23:00"},{"dayOfWeek":6,"openTime":"12:00","closeTime":"23:00"}]', 4.7, 49, true, 3, '{escape-room,group-friendly}', '{}', 'owner_nina', '2025-08-25T12:00:00Z'),
('biz_pixelarcade', 'Riverwalk Pixel Arcade', 'entertainment', 'Retro and modern arcade with student night specials.', '300 E Market St, San Antonio, TX', '{"lat":29.4219,"lng":-98.4868}', '[{"dayOfWeek":0,"openTime":"13:00","closeTime":"23:00"},{"dayOfWeek":1,"openTime":"13:00","closeTime":"23:00"},{"dayOfWeek":2,"openTime":"13:00","closeTime":"23:00"},{"dayOfWeek":3,"openTime":"13:00","closeTime":"23:00"},{"dayOfWeek":4,"openTime":"13:00","closeTime":"23:00"},{"dayOfWeek":5,"openTime":"13:00","closeTime":"23:00"},{"dayOfWeek":6,"openTime":"13:00","closeTime":"23:00"}]', 4.2, 31, false, 1, '{arcade,group-friendly,student-friendly}', '{wheelchairAccessible}', 'owner_sam', '2025-08-25T12:00:00Z');

INSERT INTO offers (id, business_id, title, description, category, offer_type, price, original_price, valid_from, valid_until, max_claims, current_claims, views, tags, student_only, verification_required, active, created_at) VALUES
('offer_freshbowl_bowl', 'biz_freshbowl', 'Student lunch bowl', 'Grain bowl with protein + drink, weekdays after 11 AM.', 'food', 'studentOffer', 11.99, 15.99, now() - interval '2 days', now() + interval '14 days', 40, 12, 410, '{student-friendly,vegetarian,fast}', true, false, true, '2025-09-01T12:00:00Z'),
('offer_freshbowl_smoothie', 'biz_freshbowl', 'After-school smoothie', 'Any 16oz smoothie, 3-5 PM only.', 'food', 'discount', 4.50, 6.00, now() - interval '2 days', now() + interval '14 days', 60, 21, 260, '{fast}', false, false, true, '2025-09-01T12:00:00Z'),
('offer_rosas_taco', 'biz_rosas', 'Taco lunch combo', 'Two tacos, rice, and a drink.', 'food', 'limitedTime', 11.00, 14.00, now() - interval '2 days', now() + interval '14 days', 50, 30, 520, '{tacos,fast}', false, false, true, '2025-09-01T12:00:00Z'),
('offer_rosas_group', 'biz_rosas', 'Group taco platter', 'Feeds 4-5; great for hangouts.', 'food', 'groupOffer', 42.00, 55.00, now() - interval '2 days', now() + interval '14 days', 20, 6, 180, '{group-friendly}', false, false, true, '2025-09-01T12:00:00Z'),
('offer_harbour_latte', 'biz_harbourroast', '$3 iced latte', 'Any iced latte, weekdays 3-6 PM.', 'food', 'studentOffer', 3.00, 5.00, now() - interval '2 days', now() + interval '14 days', 80, 44, 610, '{coffee,student-friendly}', true, false, true, '2025-09-01T12:00:00Z'),
('offer_harbour_study', 'biz_harbourroast', 'Bottomless study refills', 'Drip refills all afternoon.', 'food', 'limitedTime', 6.00, 9.00, now() - interval '2 days', now() + interval '14 days', 40, 9, 150, '{quiet,wifi}', false, false, true, '2025-09-01T12:00:00Z'),
('offer_sugarpine_slice', 'biz_sugarpine', 'Cake slice + coffee', 'Slice of the daily cake with a coffee.', 'food', 'discount', 7.00, 10.00, now() - interval '2 days', now() + interval '14 days', 50, 18, 240, '{dessert}', false, false, true, '2025-09-01T12:00:00Z'),
('offer_sugarpine_box', 'biz_sugarpine', 'Pastry box of 6', 'Mixed pastry box, perfect to share.', 'food', 'bundle', 14.00, 18.00, now() - interval '2 days', now() + interval '14 days', 30, 7, 130, '{dessert,group-friendly}', false, false, true, '2025-09-01T12:00:00Z'),
('offer_maple_bowl', 'biz_maplenoodle', 'Noodle bowl special', 'Hand-pulled noodle bowl of the day.', 'food', 'discount', 12.00, 16.00, now() - interval '2 days', now() + interval '14 days', 45, 15, 210, '{dinner}', false, false, true, '2025-09-01T12:00:00Z'),
('offer_maple_group', 'biz_maplenoodle', 'Group dinner set for 4', 'Three shared plates plus noodles.', 'food', 'groupOffer', 48.00, 64.00, now() - interval '2 days', now() + interval '14 days', 15, 4, 95, '{group-friendly,dinner}', false, false, true, '2025-09-01T12:00:00Z'),
('offer_inkwell_blind', 'biz_inkwell', 'Blind date with a book', 'A wrapped surprise read by staff.', 'retail', 'limitedTime', 7.00, 12.00, now() - interval '2 days', now() + interval '14 days', 40, 19, 330, '{books,gifts}', false, false, true, '2025-09-01T12:00:00Z'),
('offer_inkwell_bundle', 'biz_inkwell', 'Used paperback bundle', 'Any three used paperbacks.', 'retail', 'bundle', 10.00, 16.00, now() - interval '2 days', now() + interval '14 days', 35, 8, 160, '{books}', false, false, true, '2025-09-01T12:00:00Z'),
('offer_thread_hoodie', 'biz_threadtonic', 'Thrift hoodie drop', 'Curated vintage hoodies.', 'retail', 'limitedTime', 18.00, 35.00, now() - interval '2 days', now() + interval '14 days', 25, 22, 290, '{thrift,clothing}', false, false, true, '2025-09-01T12:00:00Z'),
('offer_thread_tee', 'biz_threadtonic', 'Vintage tee, 2 for $20', 'Mix and match vintage tees.', 'retail', 'bundle', 20.00, 30.00, now() - interval '2 days', now() + interval '14 days', 30, 11, 140, '{thrift,clothing}', false, false, true, '2025-09-01T12:00:00Z'),
('offer_gift_set', 'biz_giftnook', 'Local maker gift set', 'Candle, card, and small-batch treat.', 'retail', 'discount', 24.00, 32.00, now() - interval '2 days', now() + interval '14 days', 30, 5, 110, '{gifts}', false, false, true, '2025-09-01T12:00:00Z'),
('offer_sharp_student', 'biz_sharpfade', '$25 student haircut', 'Scissor or clipper cut, weekdays after 3 PM.', 'services', 'studentOffer', 25.00, 35.00, now() - interval '2 days', now() + interval '14 days', 40, 17, 380, '{haircut,student-friendly}', true, true, true, '2025-09-01T12:00:00Z'),
('offer_sharp_combo', 'biz_sharpfade', 'Cut + beard trim', 'Full cut with beard line-up.', 'services', 'discount', 38.00, 48.00, now() - interval '2 days', now() + interval '14 days', 30, 9, 170, '{haircut}', false, false, true, '2025-09-01T12:00:00Z'),
('offer_glow_color', 'biz_glowroom', 'Color refresh', 'Single-process color touch-up.', 'services', 'appointmentSlot', 65.00, 85.00, now() - interval '30 days', now() - interval '2 days', 12, 12, 90, '{salon}', false, true, false, '2025-09-01T12:00:00Z'),
('offer_print_student', 'biz_printpoint', 'Student printing pack', '100 B/W pages or 20 color prints.', 'services', 'studentOffer', 5.00, 9.00, now() - interval '2 days', now() + interval '14 days', 100, 38, 420, '{printing,fast,student-friendly}', true, false, true, '2025-09-01T12:00:00Z'),
('offer_bright_intro', 'biz_brightminds', '$10 tutoring intro', '45-minute intro session.', 'services', 'appointmentSlot', 10.00, 25.00, now() - interval '2 days', now() + interval '14 days', 25, 13, 250, '{tutoring,student-friendly}', false, true, true, '2025-09-01T12:00:00Z'),
('offer_pulse_trial', 'biz_pulse', 'Free gym trial class', 'One drop-in group class.', 'fitness', 'freeTrial', 0.00, null, now() - interval '2 days', now() + interval '14 days', 60, 27, 480, '{gym,classes}', false, false, true, '2025-09-01T12:00:00Z'),
('offer_pulse_month', 'biz_pulse', 'Student month pass', 'Unlimited access for 30 days.', 'fitness', 'studentOffer', 29.00, 45.00, now() - interval '2 days', now() + interval '14 days', 40, 10, 200, '{gym,student-friendly}', true, true, true, '2025-09-01T12:00:00Z'),
('offer_summit_intro', 'biz_summit', 'Intro climb + gear', 'Belay lesson, shoes, and harness.', 'fitness', 'discount', 18.00, 28.00, now() - interval '2 days', now() + interval '14 days', 30, 14, 260, '{climbing,group-friendly}', false, false, true, '2025-09-01T12:00:00Z'),
('offer_scholar_day', 'biz_scholarspace', 'All-day study pass', 'Desk + refills until close.', 'education', 'studentOffer', 6.00, 10.00, now() - interval '2 days', now() + interval '14 days', 80, 33, 350, '{study,quiet,student-friendly}', true, false, true, '2025-09-01T12:00:00Z'),
('offer_scholar_room', 'biz_scholarspace', 'Group study room hour', 'Private room for up to 6.', 'education', 'groupOffer', 12.00, 20.00, now() - interval '2 days', now() + interval '14 days', 30, 6, 120, '{study,group-friendly}', false, false, true, '2025-09-01T12:00:00Z'),
('offer_exam_workshop', 'biz_examedge', 'SAT crash workshop', 'Two-hour strategy clinic.', 'education', 'event', 20.00, 40.00, now() - interval '2 days', now() + interval '14 days', 24, 16, 180, '{test-prep,student-friendly}', true, false, true, '2025-09-01T12:00:00Z'),
('offer_fixly_protector', 'biz_fixly', '20% off screen protector', 'Tempered glass installed in-store.', 'repair', 'discount', 16.00, 20.00, now() - interval '2 days', now() + interval '14 days', 60, 24, 300, '{phone-repair,fast}', false, false, true, '2025-09-01T12:00:00Z'),
('offer_fixly_screen', 'biz_fixly', 'Phone screen replacement', 'Same-day screen repair.', 'repair', 'limitedTime', 79.00, 110.00, now() - interval '2 days', now() + interval '14 days', 20, 8, 220, '{phone-repair}', false, true, true, '2025-09-01T12:00:00Z'),
('offer_cycle_tune', 'biz_cyclewerks', 'Spring tune-up', 'Brakes, gears, and safety check.', 'repair', 'discount', 35.00, 50.00, now() - interval '2 days', now() + interval '14 days', 30, 7, 140, '{bike-repair}', false, false, true, '2025-09-01T12:00:00Z'),
('offer_escape_group', 'biz_escapelab', 'Group escape room', 'Per-person rate for groups of 4+.', 'entertainment', 'groupOffer', 22.00, 32.00, now() - interval '2 days', now() + interval '14 days', 40, 20, 410, '{escape-room,group-friendly}', false, false, true, '2025-09-01T12:00:00Z'),
('offer_pixel_night', 'biz_pixelarcade', 'Student arcade night', 'Unlimited play, Thursdays 6-10 PM.', 'entertainment', 'studentOffer', 10.00, 18.00, now() - interval '2 days', now() + interval '14 days', 50, 26, 280, '{arcade,student-friendly}', true, false, true, '2025-09-01T12:00:00Z'),
('offer_pixel_party', 'biz_pixelarcade', 'Birthday group package', 'Reserved zone + tokens for 6.', 'entertainment', 'groupOffer', 60.00, 84.00, now() - interval '2 days', now() + interval '14 days', 15, 3, 70, '{arcade,group-friendly}', false, false, true, '2025-09-01T12:00:00Z');

INSERT INTO claims (id, user_id, offer_id, business_id, claim_code, status, created_at, expires_at, redeemed_at) VALUES
('claim_a1', 'user_lucas', 'offer_freshbowl_bowl', 'biz_freshbowl', 'PING-8421', 'active', now(), now() + interval '1.5 days', null),
('claim_a2', 'user_lucas', 'offer_harbour_latte', 'biz_harbourroast', 'PING-3190', 'active', now() - interval '1 day', now() + interval '1.5 days', null),
('claim_a3', 'user_maya', 'offer_rosas_taco', 'biz_rosas', 'PING-5567', 'active', now(), now() + interval '1.5 days', null),
('claim_a4', 'user_maya', 'offer_sharp_student', 'biz_sharpfade', 'PING-7042', 'active', now() - interval '2 days', now() + interval '1.5 days', null),
('claim_a5', 'user_ethan', 'offer_pulse_trial', 'biz_pulse', 'PING-2885', 'active', now() - interval '1 day', now() + interval '1.5 days', null),
('claim_r1', 'user_lucas', 'offer_print_student', 'biz_printpoint', 'PING-1120', 'redeemed', now() - interval '8 days', now() - interval '6 days', now() - interval '8 days' + interval '6 hours'),
('claim_r2', 'user_lucas', 'offer_scholar_day', 'biz_scholarspace', 'PING-6634', 'redeemed', now() - interval '12 days', now() - interval '10 days', now() - interval '12 days' + interval '6 hours'),
('claim_r3', 'user_maya', 'offer_sugarpine_slice', 'biz_sugarpine', 'PING-4408', 'redeemed', now() - interval '15 days', now() - interval '13 days', now() - interval '15 days' + interval '6 hours'),
('claim_r4', 'user_ethan', 'offer_fixly_protector', 'biz_fixly', 'PING-9071', 'redeemed', now() - interval '20 days', now() - interval '18 days', now() - interval '20 days' + interval '6 hours'),
('claim_r5', 'user_maya', 'offer_escape_group', 'biz_escapelab', 'PING-3357', 'redeemed', now() - interval '26 days', now() - interval '24 days', now() - interval '26 days' + interval '6 hours'),
('claim_e1', 'user_lucas', 'offer_rosas_group', 'biz_rosas', 'PING-5512', 'expired', now() - interval '18 days', now() - interval '16 days', null),
('claim_e2', 'user_ethan', 'offer_cycle_tune', 'biz_cyclewerks', 'PING-8830', 'expired', now() - interval '22 days', now() - interval '20 days', null),
('claim_e3', 'user_maya', 'offer_pixel_night', 'biz_pixelarcade', 'PING-2046', 'expired', now() - interval '30 days', now() - interval '28 days', null);

INSERT INTO reviews (id, user_id, business_id, offer_id, claim_id, rating, text, tags, verified, created_at) VALUES
('review_seed_1', 'user_lucas', 'biz_freshbowl', 'offer_freshbowl_bowl', null, 5, 'Bowl was huge and the student price made it an easy weekday lunch.', '{Good value,Student-friendly}', true, now() - interval '3 days'),
('review_seed_2', 'user_maya', 'biz_freshbowl', 'offer_freshbowl_bowl', null, 4, 'Quick line and friendly staff.', '{Fast service,Friendly staff}', true, now() - interval '4 days'),
('review_seed_3', 'user_ethan', 'biz_rosas', 'offer_rosas_taco', null, 5, 'Tacos taste fresh and the combo is a steal.', '{Good value,Good quality}', true, now() - interval '5 days'),
('review_seed_4', 'user_lucas', 'biz_rosas', 'offer_rosas_taco', null, 4, 'Group platter fed five of us easily.', '{Group-friendly}', false, now() - interval '6 days'),
('review_seed_5', 'user_maya', 'biz_harbourroast', 'offer_harbour_latte', null, 5, 'Best study cafe nearby.', '{Quiet,Student-friendly}', true, now() - interval '7 days'),
('review_seed_6', 'user_ethan', 'biz_harbourroast', 'offer_harbour_latte', null, 4, 'Three dollar latte deal is unbeatable.', '{Good value,Fast service}', true, now() - interval '8 days'),
('review_seed_7', 'user_lucas', 'biz_sugarpine', 'offer_sugarpine_slice', null, 5, 'Cake slice and coffee combo is the perfect treat.', '{Good quality,Good value}', true, now() - interval '9 days'),
('review_seed_8', 'user_maya', 'biz_sugarpine', 'offer_sugarpine_slice', null, 5, 'Pastry box made a great gift.', '{Good quality}', false, now() - interval '10 days'),
('review_seed_9', 'user_ethan', 'biz_maplenoodle', 'offer_maple_bowl', null, 4, 'Noodles were springy and portions generous.', '{Good quality,Group-friendly}', true, now() - interval '11 days'),
('review_seed_10', 'user_lucas', 'biz_maplenoodle', 'offer_maple_bowl', null, 3, 'Tasty but the wait was long on a Friday night.', '{Group-friendly}', false, now() - interval '12 days'),
('review_seed_11', 'user_maya', 'biz_inkwell', 'offer_inkwell_blind', null, 5, 'Blind date with a book was a fun surprise.', '{Friendly staff,Good quality}', true, now() - interval '13 days'),
('review_seed_12', 'user_ethan', 'biz_inkwell', 'offer_inkwell_blind', null, 5, 'Staff recommendations are always spot on.', '{Quiet,Friendly staff}', false, now() - interval '14 days'),
('review_seed_13', 'user_lucas', 'biz_threadtonic', 'offer_thread_hoodie', null, 4, 'Scored a vintage hoodie at a great price.', '{Good value}', true, now() - interval '15 days'),
('review_seed_14', 'user_maya', 'biz_threadtonic', 'offer_thread_hoodie', null, 4, 'Solid selection that rotates weekly.', '{Good quality}', false, now() - interval '16 days'),
('review_seed_15', 'user_ethan', 'biz_giftnook', 'offer_gift_set', null, 5, 'Found a thoughtful local gift set.', '{Friendly staff,Good quality}', true, now() - interval '17 days'),
('review_seed_16', 'user_lucas', 'biz_giftnook', 'offer_gift_set', null, 4, 'Lovely curation, a little pricey.', '{Good quality}', false, now() - interval '18 days'),
('review_seed_17', 'user_maya', 'biz_sharpfade', 'offer_sharp_student', null, 5, 'Clean fade and the student rate is clutch.', '{Good value,Student-friendly}', true, now() - interval '19 days'),
('review_seed_18', 'user_ethan', 'biz_sharpfade', 'offer_sharp_student', null, 4, 'In and out fast with a sharp result.', '{Fast service,Friendly staff}', true, now() - interval '20 days'),
('review_seed_19', 'user_lucas', 'biz_glowroom', 'offer_glow_color', null, 4, 'Color came out exactly how I wanted.', '{Quiet,Good quality}', false, now() - interval '21 days'),
('review_seed_20', 'user_maya', 'biz_glowroom', 'offer_glow_color', null, 3, 'Nice work but booking took a couple tries.', '{Friendly staff}', false, now() - interval '22 days'),
('review_seed_21', 'user_ethan', 'biz_printpoint', 'offer_print_student', null, 5, 'Saved me before a deadline, prints ready instantly.', '{Fast service,Student-friendly}', true, now() - interval '23 days'),
('review_seed_22', 'user_lucas', 'biz_printpoint', 'offer_print_student', null, 4, 'Cheap student pack and easy self-serve kiosks.', '{Good value,Fast service}', true, now() - interval '24 days'),
('review_seed_23', 'user_maya', 'biz_brightminds', 'offer_bright_intro', null, 5, 'Intro tutoring session helped my calc grade.', '{Good quality,Student-friendly}', true, now() - interval '25 days'),
('review_seed_24', 'user_ethan', 'biz_brightminds', 'offer_bright_intro', null, 5, 'Patient tutors and a quiet setup.', '{Quiet,Friendly staff}', false, now() - interval '26 days'),
('review_seed_25', 'user_lucas', 'biz_pulse', 'offer_pulse_trial', null, 4, 'Free trial class was a great way to test the gym.', '{Group-friendly,Good value}', true, now() - interval '27 days'),
('review_seed_26', 'user_maya', 'biz_pulse', 'offer_pulse_trial', null, 4, 'Good equipment, busy in the evenings.', '{Good quality}', false, now() - interval '28 days'),
('review_seed_27', 'user_ethan', 'biz_summit', 'offer_summit_intro', null, 5, 'Intro climb with gear included was beginner-friendly.', '{Friendly staff,Group-friendly}', true, now() - interval '29 days'),
('review_seed_28', 'user_lucas', 'biz_summit', 'offer_summit_intro', null, 5, 'Walls are well set and staff encouraging.', '{Good quality,Friendly staff}', false, now() - interval '30 days'),
('review_seed_29', 'user_maya', 'biz_scholarspace', 'offer_scholar_day', null, 5, 'All-day pass plus refills is perfect for exam week.', '{Quiet,Student-friendly}', true, now() - interval '31 days'),
('review_seed_30', 'user_ethan', 'biz_scholarspace', 'offer_scholar_day', null, 4, 'Group room was great for a project sprint.', '{Group-friendly,Quiet}', true, now() - interval '32 days'),
('review_seed_31', 'user_lucas', 'biz_examedge', 'offer_exam_workshop', null, 4, 'Crash workshop covered real strategies.', '{Good quality,Student-friendly}', false, now() - interval '33 days'),
('review_seed_32', 'user_maya', 'biz_examedge', 'offer_exam_workshop', null, 4, 'Helpful clinic, wish it ran longer.', '{Good quality}', false, now() - interval '34 days'),
('review_seed_33', 'user_ethan', 'biz_fixly', 'offer_fixly_protector', null, 5, 'Screen protector installed cleanly, fast.', '{Fast service,Good quality}', true, now() - interval '35 days'),
('review_seed_34', 'user_lucas', 'biz_fixly', 'offer_fixly_protector', null, 5, 'Same-day phone screen fix saved my week.', '{Fast service}', false, now() - interval '36 days'),
('review_seed_35', 'user_maya', 'biz_cyclewerks', 'offer_cycle_tune', null, 5, 'Tune-up made my bike feel brand new.', '{Good value,Good quality}', false, now() - interval '37 days'),
('review_seed_36', 'user_ethan', 'biz_cyclewerks', 'offer_cycle_tune', null, 4, 'Quick turnaround on a flat fix.', '{Fast service,Friendly staff}', false, now() - interval '38 days'),
('review_seed_37', 'user_lucas', 'biz_escapelab', 'offer_escape_group', null, 5, 'Group discount made it a perfect hangout.', '{Group-friendly,Good value}', true, now() - interval '39 days'),
('review_seed_38', 'user_maya', 'biz_escapelab', 'offer_escape_group', null, 5, 'Puzzles were clever and theming immersive.', '{Good quality,Group-friendly}', false, now() - interval '40 days'),
('review_seed_39', 'user_ethan', 'biz_pixelarcade', 'offer_pixel_night', null, 4, 'Student night pass is great value.', '{Group-friendly,Student-friendly}', false, now() - interval '41 days'),
('review_seed_40', 'user_lucas', 'biz_pixelarcade', 'offer_pixel_night', null, 3, 'Fun retro games, a few machines needed maintenance.', '{Group-friendly}', false, now() - interval '42 days');

INSERT INTO rankings (user_id, category, need_type, ranked_business_ids, updated_at) VALUES
('user_lucas', 'food', 'lunch', '{biz_freshbowl,biz_rosas,biz_maplenoodle}', now()),
('user_lucas', 'food', 'cafeStudySpot', '{biz_harbourroast,biz_freshbowl}', now()),
('user_lucas', 'services', 'haircut', '{biz_sharpfade,biz_glowroom}', now()),
('user_lucas', 'education', 'studySpace', '{biz_scholarspace,biz_harbourroast}', now()),
('user_lucas', 'retail', 'gift', '{biz_inkwell,biz_giftnook}', now());

INSERT INTO saved_businesses (user_id, business_id, saved_at, tags) VALUES
('user_lucas', 'biz_freshbowl', now() - interval '3 days', '{}'),
('user_lucas', 'biz_inkwell', now() - interval '6 days', '{gifts}'),
('user_maya', 'biz_rosas', now() - interval '1 days', '{}');

INSERT INTO saved_offers (user_id, offer_id, saved_at) VALUES
('user_lucas', 'offer_freshbowl_bowl', now() - interval '2 days');
